Index,TestFit1,TestFit2,ProgramSize,UniqueTerminals,Individual
0,7515.5,688.7,7,3,"max(add(CFH, CFH), div(FRT, DC))"
1,8712.0,684.8,25,8,"add(add(mul(CTT1, mul(RQ, CFR1)), sub(max(CTT1, CFD), add(CFH, FRT))), max(max(mul(CFH, DC), div(FRT, CFR1)), sub(CFD, CR)))"
2,7656.1,787.6,41,11,"max(max(add(add(CFH, CR), mul(RQ, FRT)), min(max(CTD, CTD), add(SC, FRT))), mul(add(min(CFR1, CFD), min(max(CFR1, add(ERC, CR)), div(div(CFD, ERC), sub(CFD, SC)))), div(mul(FUT, CR), max(CTT1, CR))))"
3,7932.3,940.0,65,12,"max(CFH, sub(min(min(add(sub(CFH, FUT), div(CFD, CTT1)), mul(div(ERC, CFH), div(CTD, CFR1))), min(mul(max(RQ, FRT), sub(SC, CR)), sub(add(CFR1, RQ), sub(CFR1, CFD)))), div(sub(div(mul(SC, CTT1), min(DC, CTT1)), add(min(SC, ERC), sub(CFD, CFD))), max(add(add(SC, FUT), sub(CR, ERC)), sub(min(CFH, CR), max(CFH, CFD))))))"
4,7881.9,629.3,31,11,"add(min(max(div(RQ, CFR1), add(CR, CFH)), add(add(CR, ERC), add(FRT, CFD))), min(max(div(DC, ERC), div(FRT, FUT)), add(min(CFH, CFD), min(CTD, CTT1))))"
5,8840.9,855.5,21,8,"add(max(CTT1, CFD), max(max(mul(CFH, DC), div(FRT, CFR1)), div(min(SC, div(CFR1, CTT1)), mul(CFR1, RQ))))"
6,8778.2,856.7,29,9,"add(add(mul(CTT1, mul(RQ, CFR1)), sub(max(CTT1, CFD), add(CFH, FRT))), max(max(mul(CFH, DC), div(FRT, CFR1)), div(min(SC, CR), mul(CFR1, RQ))))"
7,7928.2,776.9,7,2,"max(add(CFH, CFH), div(DC, DC))"
8,7670.2,736.9,7,3,"max(add(CFH, CFH), div(FUT, FRT))"
9,7711.5,797.4,5,2,"max(CFH, div(DC, DC))"
10,8401.0,1053.3,73,10,"div(add(mul(add(min(min(FRT, CFD), max(CFR1, CTD)), div(div(mul(FUT, CR), max(CTT1, CR)), CFD)), min(min(SC, FUT), div(CR, CR))), mul(add(add(DC, FRT), add(CFD, SC)), mul(sub(CFH, CTT1), mul(CTD, FRT)))), add(div(div(add(CFH, CTT1), min(CFD, CTD)), add(sub(CFR1, CTD), sub(CFH, FUT))), add(add(add(DC, CFH), add(CFR1, SC)), min(min(CTT1, CTD), mul(DC, FUT)))))"
11,7649.4,705.8,43,12,"max(max(add(add(CFH, CR), mul(RQ, FRT)), min(max(CTD, CTD), add(SC, FRT))), mul(add(min(CFR1, CFD), min(max(div(DC, FUT), add(ERC, CR)), div(div(CFD, ERC), sub(CFD, SC)))), div(mul(FUT, CR), max(CTT1, CR))))"
12,7782.8,717.2,31,11,"add(min(max(div(RQ, CFR1), add(CR, CFH)), add(add(CR, CTT1), add(FRT, CFD))), min(max(div(DC, ERC), div(FRT, FUT)), add(min(CFH, CFD), min(CTD, CTT1))))"
13,8143.7,747.0,31,10,"div(mul(sub(sub(RQ, SC), mul(FUT, CFH)), sub(div(DC, CTD), sub(CFD, ERC))), mul(sub(div(ERC, CFH), mul(CTT1, CFD)), sub(min(CR, CFD), max(RQ, CTT1))))"
14,7915.4,971.8,57,10,"add(add(mul(CTT1, mul(RQ, CFR1)), sub(max(CTT1, CFD), add(CFH, FRT))), max(max(add(sub(sub(add(CTD, FRT), min(RQ, CR)), sub(sub(FRT, CTT1), mul(CFR1, CTD))), mul(max(add(FRT, RQ), add(CR, FUT)), max(max(FRT, CFH), mul(CTT1, SC)))), div(FRT, CFR1)), div(min(SC, CR), mul(CFR1, RQ))))"
15,8787.3,928.8,33,10,"add(add(mul(CTT1, mul(RQ, CFR1)), sub(max(CTT1, CFD), add(CFH, FRT))), max(max(mul(CFH, DC), div(FRT, CFR1)), div(mul(mul(SC, CTD), add(ERC, CFH)), mul(CFR1, RQ))))"
16,8691.6,854.0,29,10,"add(add(mul(CTT1, mul(RQ, CFR1)), sub(max(CTT1, CFD), sub(FRT, FUT))), max(max(mul(CFH, DC), div(FRT, CFR1)), div(min(SC, CR), mul(CFR1, RQ))))"
17,8479.4,603.9,67,10,"mul(div(mul(mul(div(CFH, ERC), max(SC, ERC)), max(max(CFH, CTT1), sub(CTT1, ERC))), div(min(max(CTD, FUT), min(RQ, ERC)), max(div(FRT, CTD), min(ERC, SC)))), min(div(mul(add(FUT, RQ), max(CTT1, CFD)), mul(CTT1, max(SC, SC))), div(mul(mul(RQ, DC), add(DC, FUT)), div(mul(mul(min(FUT, SC), add(RQ, ERC)), CTD), mul(DC, CFD)))))"
18,7859.0,813.5,41,11,"mul(max(max(div(add(min(RQ, CFR1), sub(FRT, ERC)), div(max(CFD, CFH), min(SC, CR))), mul(CFH, CR)), max(sub(CTD, ERC), min(CFH, CTT1))), sub(mul(sub(FRT, CTD), sub(FUT, FUT)), sub(CFH, add(CFD, CFH))))"
19,7772.3,758.2,7,2,"max(add(CFH, CFH), div(CFH, DC))"
20,7836.8,829.3,31,10,"max(max(add(add(CFH, CR), mul(RQ, FRT)), min(max(CTD, CTD), add(SC, FRT))), mul(add(min(CFR1, CFD), min(CFR1, CR)), div(mul(FUT, CR), max(CTT1, CR))))"
21,8229.8,765.0,31,10,"div(mul(sub(sub(RQ, SC), mul(FUT, CFH)), sub(div(DC, CTD), sub(CFD, ERC))), mul(sub(div(ERC, CFH), mul(CTT1, CFD)), sub(min(CR, CFD), max(RQ, DC))))"
22,8672.2,621.7,29,7,"add(add(mul(CTT1, mul(RQ, CFR1)), sub(max(CTT1, CFD), add(CFH, FRT))), max(max(mul(CFH, DC), div(FRT, CFR1)), div(add(CFR1, CFH), mul(CFR1, RQ))))"
23,7903.4,821.1,25,9,"max(max(add(add(CFH, CR), mul(RQ, FRT)), min(max(CTD, CTD), add(SC, FRT))), mul(add(min(CFR1, CFD), min(CFR1, CR)), ERC))"
24,7680.5,761.1,31,10,"max(max(add(add(CFH, CR), mul(RQ, FRT)), min(max(CTD, CTD), add(SC, FRT))), mul(add(min(CFR1, CFD), min(CFH, CR)), div(mul(FUT, CR), max(CTT1, CR))))"
25,7978.0,589.2,51,12,"sub(mul(mul(div(max(FRT, CFH), sub(CFH, FUT)), min(min(RQ, CFD), div(DC, CR))), min(max(add(FRT, CFH), max(FRT, ERC)), mul(mul(SC, CTD), add(ERC, CFH)))), min(max(CFR1, CTD), mul(min(max(CTT1, CFD), min(CTT1, CTT1)), sub(max(CFR1, RQ), div(CFH, CFD)))))"
26,8683.0,762.2,17,7,"add(CFR1, max(max(mul(CFH, DC), div(FRT, CFR1)), div(min(SC, CR), mul(CFR1, RQ))))"
27,7836.8,829.3,31,10,"max(max(add(add(CFH, CR), mul(RQ, FRT)), min(max(CTD, CTD), add(SC, FRT))), mul(add(min(CFR1, CFD), min(CFR1, CR)), div(mul(FUT, CR), max(CTT1, CR))))"
28,7740.1,680.9,7,3,"max(add(CFH, CFH), div(SC, DC))"
29,7708.5,668.3,23,9,"add(min(max(div(RQ, CFR1), add(CR, CFH)), CTT1), min(max(div(DC, ERC), RQ), add(min(CFH, CFD), min(CTD, CTT1))))"
30,8916.1,944.7,61,12,"add(add(div(max(min(DC, ERC), min(CTT1, FUT)), add(add(CFD, CTD), FUT)), min(mul(mul(FUT, CTD), mul(FUT, FRT)), div(max(SC, DC), min(FRT, CFH)))), max(add(mul(mul(CR, DC), add(CFH, FUT)), div(sub(CFD, RQ), max(CFD, DC))), min(div(sub(FUT, FUT), min(CTT1, CR)), mul(div(CFR1, ERC), sub(FUT, FRT)))))"
31,8975.9,877.1,67,12,"add(add(div(max(min(DC, ERC), min(CTT1, FUT)), add(add(CFD, CTD), add(CFR1, CR))), min(mul(mul(FUT, CTD), mul(FUT, FRT)), div(max(SC, DC), min(FRT, CFH)))), max(add(mul(mul(CR, DC), add(CFH, FUT)), div(sub(CFD, RQ), max(CFD, DC))), min(div(sub(FUT, FUT), sub(min(RQ, CFD), sub(CR, SC))), mul(div(CFR1, ERC), sub(FUT, FRT)))))"
32,7872.7,799.9,71,12,"max(CFH, sub(min(min(add(sub(CFH, FUT), div(CFD, CTT1)), mul(div(ERC, CFH), div(CTD, CFR1))), min(mul(max(RQ, FRT), sub(SC, CR)), sub(add(CFR1, RQ), sub(CFR1, CFD)))), div(sub(div(mul(SC, CTT1), min(DC, CTT1)), add(min(SC, ERC), sub(CFD, CFD))), max(add(add(SC, div(div(CFR1, FUT), max(CR, SC))), sub(CR, ERC)), sub(min(CFH, CR), max(CFH, CFD))))))"
33,7733.9,786.9,31,9,"max(max(min(mul(FRT, DC), min(DC, FUT)), add(min(ERC, CFD), div(CFR1, CFH))), mul(max(sub(ERC, RQ), mul(SC, FRT)), div(add(RQ, CFH), max(FUT, DC))))"
34,8195.9,705.7,45,11,"add(min(max(div(RQ, CFR1), add(CR, CFH)), add(add(CR, CTT1), add(FRT, add(max(div(CFD, CFH), max(CTD, CFR1)), mul(min(FUT, CTD), div(CFH, FRT)))))), min(max(div(DC, ERC), div(FRT, FUT)), add(min(CFH, CFD), min(CTD, CTT1))))"
35,8174.8,650.5,25,7,"sub(min(CFH, div(div(CFD, ERC), sub(CFD, SC))), sub(sub(add(DC, FRT), max(DC, CFH)), max(min(CTD, ERC), add(ERC, DC))))"
36,7977.4,870.9,31,8,"max(max(min(mul(FRT, DC), min(DC, FUT)), add(min(ERC, CFH), div(CFR1, CFH))), mul(max(sub(ERC, CFH), mul(SC, FRT)), div(add(RQ, CFH), max(FUT, DC))))"
37,8002.3,790.8,33,9,"add(div(min(add(CFR1, CFH), div(ERC, ERC)), mul(min(CR, ERC), min(CTD, DC))), add(div(add(CFH, sub(FUT, FRT)), div(FRT, CTD)), min(min(CTT1, CR), add(CTT1, CFH))))"
38,8720.4,692.8,69,11,"mul(div(mul(mul(div(CFH, ERC), max(SC, ERC)), max(max(CFH, CTT1), sub(CTT1, ERC))), div(min(max(CTD, FUT), min(RQ, ERC)), max(div(FRT, CTD), min(ERC, SC)))), min(div(mul(add(FUT, RQ), max(CTT1, CFD)), mul(max(CFR1, FUT), max(SC, SC))), div(mul(mul(RQ, DC), add(DC, FUT)), div(mul(mul(min(FUT, SC), add(RQ, ERC)), CTD), mul(DC, CFD)))))"
39,8243.0,850.0,67,11,"div(add(mul(add(min(min(FRT, CFD), max(CFR1, CTD)), div(ERC, CFD)), min(min(SC, FUT), div(CR, CR))), mul(add(add(DC, FRT), add(CFD, SC)), mul(sub(CFH, CTT1), mul(CTD, FRT)))), add(div(div(add(CFH, CTT1), min(CFD, CTD)), add(sub(CFR1, CTD), sub(CFH, FUT))), add(add(add(DC, CFH), add(CFR1, SC)), min(min(CTT1, CTD), mul(DC, FUT)))))"
40,8116.0,590.1,59,11,"min(div(add(max(CR, RQ), add(CFR1, CR)), add(add(RQ, CFD), div(CFD, CFD))), add(min(mul(ERC, CTT1), max(SC, FUT)), sub(div(CFH, CTD), mul(min(max(sub(SC, CR), sub(RQ, FRT)), min(mul(CTT1, CFH), min(CTT1, CTD))), add(max(max(ERC, RQ), sub(ERC, CR)), min(add(CFD, RQ), div(CFR1, CFD)))))))"
41,7733.9,786.9,31,9,"max(max(min(mul(FRT, DC), min(DC, FUT)), add(min(ERC, CFD), div(CFR1, CFH))), mul(max(sub(ERC, RQ), mul(SC, FRT)), div(add(RQ, CFH), max(FUT, DC))))"
42,8798.9,832.0,61,12,"add(add(div(max(min(DC, ERC), min(CTT1, FUT)), add(CFD, add(CFR1, CR))), min(mul(mul(FUT, CTD), mul(FUT, FRT)), div(max(SC, DC), min(FRT, CFH)))), max(add(mul(mul(CR, DC), add(CFH, FUT)), div(sub(CFD, RQ), max(CFD, DC))), min(div(sub(FUT, FUT), min(CTT1, CR)), mul(div(CFR1, ERC), sub(FUT, FRT)))))"
43,8408.2,787.8,9,4,"add(add(CFR1, add(CFH, CFH)), min(CFD, CTD))"
44,8773.8,757.1,27,8,"add(add(CFD, sub(max(CTT1, CFD), add(CFH, FRT))), max(max(mul(CFH, DC), div(FRT, CFR1)), div(min(SC, div(CFR1, CTT1)), mul(CFR1, RQ))))"
45,8075.4,915.7,29,8,"mul(max(max(div(FRT, FUT), mul(CFH, CR)), max(sub(CTD, ERC), min(CFH, CTT1))), sub(mul(sub(FRT, CTD), sub(FUT, FUT)), sub(CFH, add(CFD, CFH))))"
46,9172.4,987.4,63,12,"add(add(div(max(min(DC, ERC), min(CTT1, FUT)), add(add(CFD, CTD), add(CFR1, CR))), min(mul(mul(CFH, CTD), mul(FUT, FRT)), div(max(SC, DC), min(FRT, CFH)))), max(add(mul(mul(CR, DC), add(CFH, FUT)), div(sub(CFD, RQ), max(CFD, DC))), min(div(sub(FUT, FUT), min(CTT1, CR)), mul(div(CFR1, ERC), sub(FUT, FRT)))))"
47,8673.6,713.8,25,9,"mul(add(div(min(ERC, RQ), sub(RQ, CFR1)), CFH), div(div(div(CFR1, FUT), max(CTD, FUT)), add(div(CTT1, FRT), min(SC, CFR1))))"
48,7989.0,911.4,31,9,"max(max(min(mul(FRT, DC), min(DC, FUT)), add(min(ERC, CFD), div(CFR1, CFD))), mul(max(sub(ERC, RQ), mul(SC, FRT)), div(add(RQ, CFH), max(FUT, DC))))"
49,10524.2,1284.4,33,10,"mul(min(max(div(CFH, CR), div(CFH, CFR1)), min(mul(CR, RQ), max(SC, FUT))), add(sub(max(div(FRT, FUT), ERC), max(FUT, FUT)), add(mul(CTD, CFD), sub(CFR1, CR))))"
50,8638.7,977.7,19,8,"add(min(max(div(RQ, CFR1), add(CR, CFH)), add(add(CR, CTT1), add(FRT, CFD))), max(DC, CFR1))"
51,8781.0,812.5,29,9,"add(add(mul(CTT1, mul(FRT, CFR1)), sub(max(CTT1, CFD), add(CFH, FRT))), max(max(mul(CFH, DC), div(FRT, CFR1)), div(min(SC, CR), mul(CFR1, RQ))))"
52,8214.3,685.2,63,11,"div(add(mul(add(min(ERC, CTD), div(ERC, CFD)), min(min(SC, FUT), div(CR, CR))), mul(add(add(DC, FRT), add(CFD, SC)), mul(sub(CFH, CTT1), mul(CTD, FRT)))), add(div(div(add(CFH, CTT1), min(CFD, CTD)), add(sub(CFR1, CTD), sub(CFH, FUT))), add(add(add(DC, CFH), add(CFR1, SC)), min(min(CTT1, CTD), mul(DC, FUT)))))"
53,8559.4,1432.7,31,8,"add(div(min(add(CFR1, CFH), div(ERC, ERC)), mul(min(CR, ERC), min(CTD, DC))), add(div(add(CFH, DC), div(FRT, CTD)), min(min(CTT1, CR), min(DC, CTT1))))"
54,8610.6,1351.0,33,8,"add(div(min(add(CFR1, CFH), div(ERC, ERC)), mul(min(CR, ERC), min(CTD, min(FRT, FRT)))), add(div(add(CFH, DC), div(FRT, CTD)), min(min(CTT1, CR), min(DC, CTT1))))"
55,8792.6,841.8,63,12,"add(add(div(max(min(DC, ERC), min(CTT1, FUT)), add(add(CFD, CTD), add(CFR1, CR))), min(mul(mul(FUT, CTD), mul(FUT, FRT)), div(max(SC, DC), min(FRT, CFH)))), max(add(mul(mul(CR, DC), add(CFH, FUT)), div(sub(CFD, RQ), max(CFD, DC))), min(div(sub(FUT, FUT), min(CTT1, CR)), mul(div(CFR1, ERC), sub(FUT, FRT)))))"
56,8851.6,1044.9,25,9,"sub(min(CFH, div(div(CFD, ERC), sub(CFD, SC))), sub(sub(add(DC, FRT), max(DC, CFH)), max(add(CTD, CFH), min(CFR1, FUT))))"
57,8029.4,943.1,31,9,"max(max(min(mul(FRT, DC), min(DC, FUT)), add(min(ERC, CFD), div(CFR1, CFH))), mul(max(sub(ERC, CFH), mul(SC, FRT)), div(add(RQ, CFH), max(FUT, DC))))"
58,8875.5,854.2,7,4,"mul(sub(CR, CFR1), max(CTT1, CFH))"
59,9716.0,1077.9,33,9,"sub(add(sub(sub(CFH, CTT1), mul(CTT1, ERC)), min(min(FRT, CFD), max(CFR1, CTD))), div(mul(sub(CFH, SC), sub(ERC, RQ)), max(min(CTT1, CTD), min(add(CFR1, CTT1), CFR1))))"
60,8988.9,729.2,73,11,"div(add(mul(add(min(min(FRT, CFD), max(CFR1, CTD)), div(ERC, CFD)), min(min(SC, FUT), div(CR, CR))), mul(add(add(DC, FRT), add(div(min(SC, SC), min(ERC, FUT)), SC)), mul(sub(CFH, CTT1), mul(CTD, FRT)))), add(div(div(add(CFH, CTT1), min(CFD, CTD)), add(sub(CFR1, CTD), sub(CFH, FUT))), add(add(add(DC, CFH), add(CFR1, SC)), min(min(CTT1, CTD), mul(DC, FUT)))))"
61,8527.7,1355.8,31,8,"add(div(min(add(CFR1, CFH), div(ERC, ERC)), mul(min(CR, ERC), min(CTD, min(FRT, FRT)))), add(div(add(CFH, DC), div(FRT, CTD)), min(FRT, min(DC, CTT1))))"
62,9172.4,987.4,63,12,"add(add(div(max(min(DC, ERC), min(CTT1, FUT)), add(add(CFD, CTD), add(CFR1, CR))), min(mul(mul(CFH, CTD), mul(FUT, FRT)), div(max(SC, DC), min(FRT, CFH)))), max(add(mul(mul(CR, DC), add(CFH, FUT)), div(sub(CFD, RQ), max(CFD, DC))), min(div(sub(FUT, FUT), min(CTT1, CR)), mul(div(CFR1, ERC), sub(FUT, FRT)))))"
63,8673.6,713.8,25,9,"mul(add(div(min(ERC, RQ), sub(RQ, CFR1)), CFH), div(div(div(CFR1, FUT), max(CTD, FUT)), add(div(CTT1, FRT), min(SC, CFR1))))"
64,9736.4,745.7,29,8,"max(div(mul(add(CR, SC), max(ERC, CFH)), min(mul(CTD, CFR1), add(CR, CTD))), mul(mul(mul(CR, CTD), min(CR, CTT1)), div(CR, div(FRT, CFR1))))"
65,9976.0,996.8,29,8,"max(div(mul(add(CR, SC), max(ERC, CFH)), min(mul(CTD, CFR1), add(CR, CTD))), mul(mul(CR, min(CR, CTT1)), div(mul(CTD, CTD), div(FRT, CFR1))))"
66,8610.6,1351.0,33,8,"add(div(min(add(CFR1, CFH), div(ERC, ERC)), mul(min(CR, ERC), min(CTD, min(FRT, FRT)))), add(div(add(CFH, DC), div(FRT, CTD)), min(min(CTT1, CR), min(DC, CTT1))))"
67,9152.9,1055.8,63,10,"add(add(mul(div(add(CFH, FRT), sub(CFR1, CTT1)), sub(div(FRT, SC), max(CR, SC))), add(max(mul(ERC, SC), add(SC, FUT)), min(div(DC, CFR1), add(ERC, DC)))), sub(sub(mul(mul(RQ, FUT), add(CFR1, CFH)), min(div(CFH, CTT1), sub(RQ, RQ))), mul(max(min(FRT, FUT), div(CTT1, FUT)), mul(add(SC, RQ), min(ERC, ERC)))))"
68,9216.6,1155.9,31,9,"sub(min(max(div(DC, FUT), add(ERC, CR)), div(div(CFD, ERC), sub(CFD, SC))), sub(sub(add(DC, FRT), max(DC, CFH)), max(min(CTD, ERC), add(ERC, DC))))"
69,9024.8,896.9,63,11,"mul(div(mul(mul(div(CFH, ERC), max(SC, ERC)), max(max(CFH, CTT1), sub(CTT1, ERC))), div(min(max(CTD, FUT), min(RQ, ERC)), max(div(FRT, CTD), min(ERC, SC)))), min(div(mul(add(FUT, RQ), max(CTT1, CFD)), mul(max(CFR1, FUT), max(SC, SC))), div(mul(mul(RQ, DC), add(DC, FUT)), div(mul(CFR1, CTD), mul(DC, CFD)))))"
70,9578.6,1118.6,21,7,"sub(min(CFR1, CR), sub(sub(add(DC, FRT), max(DC, CFH)), max(min(div(CFH, CFD), ERC), add(ERC, DC))))"
71,10271.4,1015.3,121,12,"mul(add(mul(div(mul(add(CFD, CTT1), div(DC, DC)), mul(add(FRT, CFH), min(CTD, SC))), add(div(mul(FRT, CFR1), div(DC, CFD)), div(mul(SC, CR), add(RQ, FUT)))), div(div(sub(sub(CTT1, CFR1), min(DC, DC)), div(min(FUT, CFD), mul(FRT, DC))), add(max(max(SC, ERC), div(SC, RQ)), min(mul(CTT1, FUT), div(CFH, CFH))))), min(add(sub(mul(sub(ERC, FRT), max(CTT1, FRT)), sub(max(CFR1, SC), div(FUT, CFR1))), add(CFR1, min(min(CFH, CFR1), max(CR, CFH)))), mul(min(sub(add(RQ, ERC), mul(DC, CR)), min(sub(CFH, CTT1), add(DC, DC))), sub(max(div(SC, CFH), sub(CFD, FUT)), mul(max(ERC, ERC), max(CR, SC))))))"
72,9941.8,1152.7,13,5,"div(RQ, div(div(CFH, add(CTT1, RQ)), sub(FUT, div(FUT, FRT))))"
73,9856.6,793.1,125,12,"mul(add(mul(div(mul(add(CFD, CTT1), div(DC, DC)), mul(add(FRT, CFH), min(CTD, SC))), add(div(mul(FRT, CFR1), div(DC, CFD)), div(mul(SC, CR), add(RQ, FUT)))), div(div(sub(sub(CTT1, CFR1), min(DC, DC)), div(min(FUT, CFD), mul(FRT, DC))), add(max(max(SC, ERC), div(SC, RQ)), min(mul(CTT1, FUT), div(CFH, CFH))))), min(add(sub(mul(sub(ERC, FRT), max(CTT1, FRT)), sub(max(CFR1, SC), div(FUT, CFR1))), add(mul(min(CTD, SC), mul(DC, CFR1)), min(min(CFH, CFR1), max(CR, CFH)))), mul(min(sub(add(RQ, ERC), mul(DC, CR)), min(sub(CFH, CTT1), add(DC, DC))), sub(max(div(SC, CFH), sub(CFD, FUT)), mul(max(ERC, ERC), FUT)))))"
74,8781.0,981.9,13,6,"add(add(CFR1, CFH), min(mul(sub(FUT, RQ), sub(ERC, ERC)), CTD))"
75,9428.5,1106.6,7,4,"add(add(CFR1, CFH), min(CFD, CTD))"
76,9322.2,912.5,9,5,"add(add(CFR1, add(CTT1, CFH)), min(CFD, CTD))"
77,9370.6,943.5,31,9,"sub(add(sub(sub(CFH, CTT1), mul(CTT1, ERC)), min(min(FRT, CFH), max(CFR1, CTD))), div(mul(sub(CFH, SC), sub(ERC, RQ)), max(min(CTT1, CTD), min(FUT, CFR1))))"
78,11605.8,1026.0,127,12,"add(mul(div(sub(sub(sub(CR, DC), div(SC, RQ)), div(min(SC, SC), min(ERC, FUT))), max(add(min(ERC, CR), max(CR, SC)), div(add(CTT1, DC), sub(CFR1, SC)))), mul(max(mul(div(CFR1, CTT1), add(RQ, FRT)), div(mul(ERC, CFR1), mul(CFD, CFR1))), min(min(div(CFR1, CR), max(CFD, RQ)), sub(max(RQ, ERC), sub(ERC, CR))))), div(min(div(min(add(FRT, SC), min(RQ, CFH)), add(max(ERC, CFR1), min(CFD, CFH))), sub(mul(max(RQ, CFD), sub(FUT, CTD)), sub(sub(CR, CFD), mul(FUT, FUT)))), sub(div(mul(div(CFD, DC), sub(CFH, RQ)), min(mul(RQ, RQ), mul(CFR1, CFH))), max(mul(sub(SC, CFD), add(RQ, CTT1)), mul(add(FRT, CFR1), mul(CTT1, CTD))))))"
79,10048.8,931.0,31,9,"sub(add(sub(div(ERC, RQ), div(FRT, RQ)), min(min(FRT, CFD), max(CFR1, CTD))), div(mul(sub(CFH, SC), sub(FRT, RQ)), max(min(CTT1, CTD), min(RQ, CFR1))))"
80,10070.4,1012.8,31,9,"sub(add(sub(div(ERC, RQ), div(FRT, RQ)), min(min(FRT, CFD), max(CFR1, CTD))), div(mul(sub(CFH, SC), sub(ERC, RQ)), max(min(CTT1, CTD), min(RQ, CFR1))))"
81,10038.7,1047.4,41,10,"sub(add(sub(div(ERC, div(max(mul(DC, FUT), mul(RQ, ERC)), sub(div(CTT1, CFR1), min(RQ, FUT)))), div(FRT, RQ)), min(ERC, CTD)), div(mul(sub(CFH, SC), sub(ERC, RQ)), max(min(CTT1, CTD), min(FUT, CFR1))))"
82,10454.5,887.0,127,12,"max(min(sub(add(add(min(CFD, FRT), max(CFH, CFR1)), sub(div(CFH, FUT), sub(DC, FRT))), sub(mul(mul(SC, CTT1), min(CFD, ERC)), mul(add(SC, CFR1), mul(CTD, SC)))), min(sub(min(max(CTT1, ERC), div(CTD, ERC)), mul(max(ERC, DC), mul(CTT1, CFH))), div(max(mul(ERC, SC), max(SC, DC)), sub(sub(CTD, SC), max(CR, DC))))), div(max(min(sub(sub(CFD, SC), sub(ERC, SC)), mul(max(FRT, CR), max(CTT1, CTT1))), add(div(sub(FRT, RQ), max(CFR1, CFH)), add(mul(CFH, RQ), add(CFH, CFD)))), mul(add(min(sub(RQ, DC), add(DC, CR)), mul(sub(ERC, FRT), max(CTT1, CFH))), sub(mul(add(CFD, SC), add(DC, RQ)), min(min(FUT, FRT), min(DC, FUT))))))"
83,10204.7,963.5,33,9,"sub(add(sub(div(ERC, RQ), div(FRT, RQ)), min(ERC, CTD)), div(mul(sub(CFH, SC), sub(ERC, RQ)), max(min(CTT1, CTD), min(max(min(CTD, ERC), add(ERC, DC)), CFR1))))"
84,9318.5,1385.5,31,9,"add(min(max(add(CTD, CFH), min(CFR1, FUT)), div(div(RQ, ERC), div(ERC, RQ))), min(min(max(CTT1, CTT1), sub(CTD, FUT)), div(add(RQ, CR), sub(FUT, CFD))))"
85,9304.9,1391.1,31,10,"add(min(max(add(CTD, CFH), min(CFR1, FUT)), div(div(RQ, ERC), div(ERC, DC))), min(min(max(CTT1, CTT1), sub(CTD, FUT)), div(add(RQ, CR), sub(FUT, CFD))))"
86,9482.6,1174.7,19,7,"sub(min(CFR1, CR), sub(sub(add(DC, FRT), max(DC, CFH)), max(min(CTD, ERC), add(ERC, DC))))"
87,9397.3,887.9,31,10,"sub(add(sub(sub(CFH, CTT1), mul(CTT1, ERC)), min(min(FRT, CFD), max(CFR1, CTD))), div(mul(sub(CFH, SC), sub(ERC, RQ)), max(min(CTT1, CTD), min(FUT, CFR1))))"
88,9930.7,1232.4,15,6,"max(mul(div(CFD, CFR1), mul(FRT, CTT1)), mul(sub(CFR1, CFH), sub(CFD, RQ)))"
89,11351.4,1385.9,31,9,"min(min(mul(mul(CFH, FUT), sub(CTD, SC)), min(max(CR, CR), div(RQ, SC))), div(max(max(DC, FUT), min(CFR1, SC)), div(div(SC, FUT), div(CFR1, CTT1))))"
90,10316.1,953.7,31,10,"sub(add(sub(div(ERC, RQ), div(FRT, RQ)), min(min(FRT, CFD), max(CFR1, CTD))), div(mul(sub(CFH, SC), sub(ERC, RQ)), max(min(CTT1, CTD), min(FUT, CFR1))))"
91,10402.8,1184.4,73,12,"div(min(add(sub(max(add(ERC, CFH), mul(RQ, CFR1)), div(DC, CFD)), div(add(CTT1, ERC), add(DC, CTD))), min(div(add(SC, FRT), max(SC, FUT)), max(div(CFD, CFH), min(FRT, RQ)))), div(add(div(sub(CTT1, min(sub(CFD, FUT), add(CFR1, CTT1))), max(CFH, CR)), mul(sub(FRT, CFH), div(FUT, SC))), div(add(max(FRT, DC), div(CFR1, CR)), min(sub(RQ, CR), div(RQ, CTT1)))))"
92,10395.9,1024.1,121,12,"max(min(sub(add(add(min(CFD, FRT), max(CFH, CFR1)), sub(div(CFH, FUT), sub(DC, FRT))), sub(mul(mul(SC, CTT1), min(CFD, ERC)), mul(add(SC, CFR1), mul(CTD, SC)))), min(sub(min(max(CTT1, ERC), div(CTD, ERC)), mul(max(ERC, DC), mul(CTT1, CFH))), div(max(mul(ERC, SC), max(SC, DC)), sub(sub(CTD, SC), max(CR, DC))))), div(max(min(sub(sub(CFD, SC), sub(ERC, SC)), mul(max(FRT, CR), max(CTT1, CTT1))), add(div(sub(FRT, RQ), max(CFR1, CFH)), add(mul(CFH, RQ), add(CFH, CFD)))), mul(add(min(sub(RQ, DC), add(DC, CR)), RQ), sub(mul(add(CFD, SC), add(DC, RQ)), min(min(FUT, FRT), min(DC, FUT))))))"
93,10460.8,1086.9,127,12,"max(min(sub(add(add(min(CFD, FRT), max(CFH, CFR1)), sub(div(CFR1, FUT), sub(DC, FRT))), sub(mul(mul(SC, CTT1), min(CFD, ERC)), mul(add(SC, CFR1), mul(CTD, SC)))), min(sub(min(max(CTT1, ERC), div(CTD, ERC)), mul(max(ERC, DC), mul(CTT1, CFH))), div(max(mul(ERC, SC), max(SC, DC)), sub(sub(CTD, SC), max(CR, DC))))), div(max(min(sub(sub(CFD, SC), sub(ERC, SC)), mul(max(FRT, CR), max(CTT1, CTT1))), add(div(sub(FRT, RQ), max(CFR1, CFH)), add(mul(CFH, RQ), add(CFH, CFD)))), mul(add(min(sub(RQ, DC), add(DC, CR)), mul(sub(ERC, FRT), max(CTT1, CFH))), sub(mul(add(CFD, SC), add(DC, RQ)), min(min(FUT, FRT), min(DC, FUT))))))"
94,9311.0,1312.4,7,3,"max(add(CFH, CFH), div(SC, FRT))"
95,9580.8,1185.3,13,6,"sub(min(CTT1, CTD), add(add(add(CFD, CFD), sub(SC, CFH)), CR))"
96,9578.9,1298.1,43,12,"add(add(CFR1, CFH), min(mul(sub(FUT, RQ), sub(ERC, mul(min(mul(mul(CTD, FUT), add(ERC, CR)), max(add(CFR1, RQ), max(CTT1, RQ))), min(max(sub(CFD, CR), max(SC, DC)), add(sub(RQ, FRT), add(CFR1, CR)))))), CTD))"
97,9662.1,1386.9,33,8,"add(div(min(add(CFR1, CFH), div(ERC, ERC)), mul(min(CR, ERC), min(CTD, DC))), add(div(add(CFH, CR), div(FRT, CTD)), min(min(CTT1, CR), add(div(DC, DC), CFH))))"
98,10008.7,1404.8,65,12,"sub(mul(mul(div(max(FRT, CFH), sub(CFH, FUT)), min(min(RQ, CFD), div(DC, CR))), min(max(add(FRT, CFH), max(FRT, ERC)), mul(add(CTT1, RQ), add(ERC, CFH)))), min(mul(min(div(RQ, ERC), max(CFH, CFD)), mul(sub(ERC, SC), max(CFH, SC))), mul(min(max(sub(CTD, ERC), CFD), min(CTT1, CTT1)), sub(max(CFR1, RQ), div(CFD, CFD)))))"
99,9713.0,1390.9,17,6,"add(CTT1, add(div(add(CFH, CR), div(FRT, CTD)), min(min(CTT1, CR), min(DC, CTT1))))"
100,10066.0,1278.4,47,12,"add(CFR1, max(max(mul(CFH, DC), div(add(add(div(div(CTT1, CFD), min(FRT, FUT)), mul(max(DC, CTD), max(CR, CFH))), max(min(div(CTD, CFD), max(ERC, RQ)), div(min(CR, CFD), mul(ERC, CTD)))), CFR1)), div(min(SC, CR), mul(CFR1, RQ))))"
101,10254.4,1099.9,25,9,"min(div(add(max(CR, RQ), add(CFR1, CR)), add(add(RQ, CFD), div(CFD, CFD))), add(min(mul(ERC, CTT1), max(SC, FUT)), CFH))"
102,10294.7,916.7,31,10,"sub(add(sub(div(ERC, RQ), div(FRT, CTT1)), min(min(FRT, CFD), max(CFR1, CTD))), div(mul(sub(CFH, SC), sub(ERC, RQ)), max(min(CTT1, CTD), min(FUT, CFR1))))"
103,10454.5,887.0,127,12,"max(min(sub(add(add(min(CFD, FRT), max(CFH, CFR1)), sub(div(CFH, FUT), sub(DC, FRT))), sub(mul(mul(SC, CTT1), min(CFD, ERC)), mul(add(SC, CFR1), mul(CTD, SC)))), min(sub(min(max(CTT1, ERC), div(CTD, ERC)), mul(max(ERC, DC), mul(CTT1, CFH))), div(max(mul(ERC, SC), max(SC, DC)), sub(sub(CTD, SC), max(CR, DC))))), div(max(min(sub(sub(CFD, SC), sub(ERC, SC)), mul(max(FRT, CR), max(CTT1, CTT1))), add(div(sub(FRT, RQ), max(CFR1, CFH)), add(mul(CFH, RQ), add(CFH, CFD)))), mul(add(min(sub(RQ, DC), add(DC, CR)), mul(sub(ERC, FRT), max(CTT1, CFH))), sub(mul(add(CFD, SC), add(DC, RQ)), min(min(FUT, FRT), min(DC, FUT))))))"
104,10454.5,887.0,127,12,"max(min(sub(add(add(min(CFD, FRT), max(CFH, CFR1)), sub(div(CFH, FUT), sub(DC, FRT))), sub(mul(mul(SC, CTT1), min(CFD, ERC)), mul(add(SC, CFR1), mul(CTD, SC)))), min(sub(min(max(CTT1, ERC), div(CTD, ERC)), mul(max(ERC, DC), mul(CTT1, CFH))), div(max(mul(ERC, SC), max(SC, DC)), sub(sub(CTD, SC), max(CR, DC))))), div(max(min(sub(sub(CFD, SC), sub(ERC, SC)), mul(max(FRT, CR), max(CTT1, CTT1))), add(div(sub(FRT, RQ), max(CFR1, CFH)), add(mul(CFH, RQ), add(CFH, CFD)))), mul(add(min(sub(RQ, DC), add(DC, CR)), mul(sub(ERC, FRT), max(CTT1, CFH))), sub(mul(add(CFD, SC), add(DC, RQ)), min(min(FUT, FRT), min(DC, FUT))))))"
105,10454.5,887.0,127,12,"max(min(sub(add(add(min(CFD, FRT), max(CFH, CFR1)), sub(div(CFH, FUT), sub(DC, FRT))), sub(mul(mul(SC, CTT1), min(CFD, ERC)), mul(add(SC, CFR1), mul(CTD, SC)))), min(sub(min(max(CTT1, ERC), div(CTD, ERC)), mul(max(ERC, DC), mul(CTT1, CFH))), div(max(mul(ERC, SC), max(SC, DC)), sub(sub(CTD, SC), max(CR, DC))))), div(max(min(sub(sub(CFD, SC), sub(ERC, SC)), mul(max(FRT, CR), max(CTT1, CTT1))), add(div(sub(FRT, RQ), max(CFR1, CFH)), add(mul(CFH, RQ), add(CFH, CFD)))), mul(add(min(sub(RQ, DC), add(DC, CR)), mul(sub(ERC, FRT), max(CTT1, CFH))), sub(mul(add(CFD, SC), add(DC, RQ)), min(min(FUT, FRT), min(DC, FUT))))))"
106,9714.5,1366.9,31,8,"add(div(min(add(CFR1, CTD), div(ERC, ERC)), mul(min(CR, ERC), min(CTD, CTT1))), add(div(add(CFH, CR), div(FRT, CTD)), min(min(CTT1, CR), min(DC, CTT1))))"
107,10235.8,1355.6,59,11,"sub(mul(mul(div(max(FRT, CFH), sub(CFH, FUT)), min(min(RQ, CFD), div(DC, CR))), min(max(add(FRT, CFH), max(FRT, ERC)), add(CFR1, CFH))), min(mul(min(div(RQ, ERC), max(CFH, CFD)), mul(sub(ERC, SC), max(CFH, SC))), mul(min(max(CTT1, CFD), min(CTT1, CTT1)), sub(max(CFR1, RQ), div(CFH, CFD)))))"
108,10088.3,840.5,31,10,"sub(add(sub(div(ERC, RQ), div(FRT, FUT)), min(min(FRT, CFD), max(CFR1, CTD))), div(mul(sub(CFH, SC), sub(ERC, RQ)), max(min(CTT1, CTD), min(FUT, CFR1))))"
109,10552.2,1048.8,127,12,"max(min(sub(add(add(min(CFD, FRT), max(CFH, CFR1)), sub(div(CFH, FUT), sub(DC, FRT))), sub(mul(mul(SC, CTT1), min(CFD, ERC)), mul(add(SC, CTD), mul(CTD, SC)))), min(sub(min(max(CTT1, ERC), div(CTD, ERC)), mul(max(ERC, DC), mul(CTT1, CFH))), div(max(mul(ERC, SC), max(SC, DC)), sub(sub(CTD, SC), max(CR, DC))))), div(max(min(sub(sub(CFD, SC), sub(ERC, SC)), mul(max(FRT, CR), max(CTT1, CTT1))), add(div(sub(FRT, RQ), max(CFR1, CFH)), add(mul(CFH, RQ), add(CFH, CFD)))), mul(add(min(sub(RQ, DC), add(DC, CR)), mul(sub(ERC, FRT), max(CTT1, CFH))), sub(mul(add(CFD, SC), add(DC, RQ)), min(min(FUT, FRT), min(DC, FUT))))))"
110,10685.3,965.1,133,12,"max(min(sub(add(add(min(CFD, FRT), max(CFH, CFR1)), sub(div(CFH, FUT), sub(DC, FRT))), sub(mul(mul(SC, CTT1), min(CFD, ERC)), mul(add(SC, CFR1), mul(CTD, SC)))), min(sub(min(max(CTT1, ERC), div(CTD, ERC)), mul(max(ERC, DC), mul(CTT1, CFH))), div(max(mul(ERC, SC), max(SC, DC)), sub(sub(CTD, SC), max(CR, DC))))), div(max(min(sub(sub(CFD, SC), sub(ERC, SC)), mul(max(FRT, CR), max(CTT1, CTT1))), add(div(sub(FRT, RQ), max(CFR1, CFH)), add(mul(CFH, RQ), add(CFH, min(div(DC, DC), add(ERC, ERC)))))), mul(add(min(sub(RQ, DC), add(DC, CR)), mul(sub(ERC, FRT), max(CTT1, CFH))), sub(mul(add(CFD, SC), add(DC, RQ)), min(min(FUT, FRT), min(DC, FUT))))))"
111,10146.4,1417.4,65,11,"sub(mul(mul(div(max(max(FUT, CFH), CFH), sub(CFH, FUT)), min(min(RQ, CFD), div(DC, CR))), min(max(add(FRT, CFH), max(FRT, ERC)), mul(mul(SC, CTT1), add(ERC, CFH)))), min(mul(min(div(RQ, ERC), max(CFH, CFD)), mul(sub(ERC, SC), max(CFH, SC))), mul(min(max(CTT1, CFD), min(CTT1, CTT1)), sub(max(CFR1, RQ), div(CFH, CFD)))))"
112,9694.3,1350.7,33,8,"add(div(min(add(CFR1, CFH), div(ERC, ERC)), mul(min(CR, ERC), min(CTD, DC))), add(div(add(CFH, CR), div(FRT, CTD)), min(min(add(CR, CTD), CR), min(DC, CTT1))))"
113,10402.4,1094.4,27,9,"sub(add(sub(div(ERC, RQ), div(FRT, RQ)), min(ERC, CTD)), div(mul(sub(CFH, SC), sub(ERC, RQ)), max(min(CTT1, CTD), min(FUT, CFR1))))"
114,10319.3,1270.5,31,10,"add(add(mul(div(FUT, DC), mul(RQ, CFR1)), sub(max(CTT1, CFD), add(FRT, CFH))), max(max(mul(CFH, DC), div(FRT, CFR1)), div(min(SC, CR), mul(CFR1, RQ))))"
115,10448.2,1012.7,129,12,"max(min(sub(add(add(min(CFD, FRT), max(CFH, CFR1)), sub(div(CFH, FUT), sub(DC, FRT))), sub(mul(mul(SC, CTT1), min(CFD, ERC)), mul(add(SC, CFR1), mul(CTD, SC)))), min(sub(min(max(CTT1, ERC), div(CTD, ERC)), mul(max(ERC, DC), mul(CTT1, CFH))), div(max(mul(ERC, SC), max(SC, DC)), sub(sub(CTD, SC), max(CR, DC))))), div(max(min(sub(sub(CFD, SC), sub(ERC, SC)), mul(max(FRT, CR), max(CTT1, CTT1))), add(div(sub(FRT, RQ), max(CFR1, CFH)), add(mul(CFH, RQ), add(CFH, CFD)))), mul(add(min(sub(RQ, DC), add(DC, CR)), mul(sub(ERC, FRT), max(max(CFR1, FUT), CFH))), sub(mul(add(CFD, SC), add(DC, RQ)), min(min(FUT, FRT), min(DC, FUT))))))"
116,10289.8,1064.7,115,12,"max(min(sub(add(add(min(CFD, FRT), max(CFH, CFR1)), sub(div(CFH, FUT), sub(DC, FRT))), sub(mul(mul(SC, CTT1), min(CFD, ERC)), mul(add(SC, CFR1), mul(CTD, SC)))), min(sub(min(max(CTT1, ERC), div(CTD, ERC)), mul(max(ERC, DC), mul(CTT1, CFH))), div(max(mul(ERC, SC), max(SC, DC)), sub(sub(CTD, SC), max(CR, DC))))), div(max(div(CFR1, CTT1), add(div(sub(FRT, RQ), max(CFR1, CFH)), add(mul(CFH, RQ), add(CFH, CFD)))), mul(add(min(sub(RQ, DC), add(DC, CR)), mul(sub(ERC, FRT), max(CTT1, CFH))), sub(mul(add(CFD, SC), add(DC, RQ)), min(min(FUT, FRT), min(DC, FUT))))))"
117,10100.2,998.8,31,9,"mul(min(max(div(CFH, CR), div(CFH, CFR1)), min(mul(CR, RQ), max(SC, FUT))), add(sub(max(RQ, ERC), max(FUT, FUT)), add(mul(CTD, CFD), sub(CFR1, CR))))"
118,10552.2,1048.8,127,12,"max(min(sub(add(add(min(CFD, FRT), max(CFH, CFR1)), sub(div(CFH, FUT), sub(DC, FRT))), sub(mul(mul(SC, CTT1), min(CFD, ERC)), mul(add(SC, CTD), mul(CTD, SC)))), min(sub(min(max(CTT1, ERC), div(CTD, ERC)), mul(max(ERC, DC), mul(CTT1, CFH))), div(max(mul(ERC, SC), max(SC, DC)), sub(sub(CTD, SC), max(CR, DC))))), div(max(min(sub(sub(CFD, SC), sub(ERC, SC)), mul(max(FRT, CR), max(CTT1, CTT1))), add(div(sub(FRT, RQ), max(CFR1, CFH)), add(mul(CFH, RQ), add(CFH, CFD)))), mul(add(min(sub(RQ, DC), add(DC, CR)), mul(sub(ERC, FRT), max(CTT1, CFH))), sub(mul(add(CFD, SC), add(DC, RQ)), min(min(FUT, FRT), min(DC, FUT))))))"
119,9667.8,1384.4,31,8,"add(div(min(add(CFR1, CFH), div(ERC, ERC)), mul(min(CR, ERC), min(CTD, DC))), add(div(add(CFH, CR), div(FRT, CTD)), min(min(CTT1, CR), min(DC, CTT1))))"
120,10406.5,1346.7,31,10,"add(add(mul(div(FUT, DC), mul(RQ, CFR1)), sub(max(CTT1, CFD), add(CFH, FRT))), max(max(mul(CFH, DC), div(FRT, CFR1)), div(min(SC, CR), mul(CFR1, RQ))))"
121,10553.0,1112.9,125,12,"max(min(sub(add(add(min(CFD, FRT), DC), sub(div(CFH, FUT), sub(DC, FRT))), sub(mul(mul(SC, CTT1), min(CFD, ERC)), mul(add(SC, CFR1), mul(CTD, SC)))), min(sub(min(max(CTT1, ERC), div(CTD, ERC)), mul(max(ERC, DC), mul(CTT1, CFH))), div(max(mul(ERC, SC), max(SC, DC)), sub(sub(CTD, SC), max(CR, DC))))), div(max(min(sub(sub(CFD, SC), sub(ERC, SC)), mul(max(FRT, CR), max(CTT1, CTT1))), add(div(sub(FRT, RQ), max(CFR1, CFH)), add(mul(CFH, RQ), add(CFH, CFD)))), mul(add(min(sub(RQ, DC), add(DC, CR)), mul(sub(ERC, FRT), max(CTT1, CFH))), sub(mul(add(CFD, SC), add(DC, RQ)), min(min(FUT, FRT), min(DC, FUT))))))"
122,9694.4,1395.3,31,8,"add(div(min(add(CFR1, CFH), div(ERC, ERC)), mul(min(CR, ERC), min(CTD, DC))), add(div(add(CFH, CR), div(FRT, CTD)), min(min(CTT1, CR), add(CTT1, CFH))))"
123,11244.8,1032.2,33,10,"min(min(sub(sub(CFH, CTT1), mul(CTT1, ERC)), sub(add(CTD, CR), max(DC, CTD))), div(sub(sub(FUT, sub(CTT1, CFD)), sub(FRT, FUT)), add(div(CFR1, CTT1), mul(ERC, CFD))))"
